0.182674306141069,0.327432350205885
0.144016988265181,0.313245580590909
-1.43521355996003,0.0851564185007966
0.103348168607976,0.519018142243555
0.442365450842301,0.0967353928795327
-1.18566193544432,0.357065879913519
-0.983813942865561,0.632820523254541
-0.833096274997134,0.701391924357754
-0.0890064333248703,0.569161430724216
-1.05325971746487,0.612235472183311
0.136960977500986,0.374340334917744
-0.0275281747695618,0.486046641822701
-0.113732952525887,0.603110326427039
0.159405211735032,0.334083062477613
-0.923077146801647,0.479426914717629
-1.12340996091948,0.480746366360737
0.43178385526139,-0.170663097706348
-0.0923530450761213,0.638196507426326
0.18247533608036,0.440703776505604
-1.44514953647182,0.0187337277182889
-1.09377574664103,0.347198946801761
-0.153703023733591,0.669749769559324
-1.00422508636223,0.56260672764516
-1.0486766672205,0.560840653752652
-0.774340007634779,0.739893819653143
-1.34731638846173,-0.0985135932952344
-1.12916214370085,0.316023701960212
-0.603897800783997,0.656441212296513
0.41625199004134,0.0791628702667112
-1.3425925348018,0.115341508285511
0.112543287315191,0.442091195171382
-0.404630564293385,0.628208254849335
-0.0676746582687788,0.535224177939017
-1.17634523604772,0.448156608506784
-1.28438558930674,0.359230796297884
-1.26675068729674,0.345683511747247
-1.34742416020006,0.14591996501375
0.461334404094441,0.0710397956907967
-0.94914290326152,0.570947772616159
-0.506837785189723,0.698644636030081
-0.0777976173493887,0.543245857344802
-0.75570334780884,0.69521791389805
-0.104623069795657,0.587758320611313
0.1849265628641,0.320060499474433
0.125968304361558,0.475696051677491
0.412583602524998,0.0922410328978369
0.385730102933627,0.251523531263276
0.008957474557582,0.607694258743665
-0.76882890645206,0.679843331641608
0.288031302398995,0.213249482042485
0.314668981647909,-0.0376180661536861
0.341994893499216,-0.179410303811157
-1.21341366700766,0.412186396553425
-1.03649699071717,0.633499042256086
0.361449402995448,0.142648093246556
-1.12179305156367,0.555218341934188
0.236572926999562,0.210539518049954
0.370756160731336,0.145263629982214
-0.965059136066868,0.526986406693097
0.223174403986372,0.153791274967787
0.448184553037892,-0.0258216863813015
0.308056213588912,0.164674138824345
0.316859903741251,-0.162042547351396
0.317878005048269,0.352519437636617
0.356484560158045,-0.00611591058441976
0.411103566434177,-0.0911195015961385
-0.0186898384934249,0.498132423552358
-0.545990758174013,0.729576000272248
-0.213258320430748,0.624889960189187
-1.39614789621396,-0.186472751533674
-0.333954679952853,0.664535935626288
0.270500766196622,0.196989439958448
-1.15430187870557,0.348069746099434
-1.15532077574937,0.492710431499576
0.316131533091124,0.0305707558117016
-0.40794175356153,0.78797577005947
0.0965954313870006,0.583408049606885
-0.25339422823025,0.618506603677382
-0.316358487884498,0.624450853015238
-1.28181427532374,0.134647023983074
-1.01478500272371,0.475628985059688
0.347060092215235,-0.161927510816608
0.383010149887914,-0.131667445023145
0.20979728349091,0.454041468858186
-0.780567797515354,0.679782963290085
-1.31633072725784,-0.00726327849482789
-0.0220205949565219,0.634410915859785
-0.32249799877937,0.781200780839291
0.2898024773865,0.0542599805697261
-1.10722413348299,0.557202200649018
-1.04371219139844,0.450389815951818
-1.18501282074172,0.357792065721927
-1.35019087844276,-0.04347170592789
0.376923805791224,-0.0679674850109067
-1.20075142654085,0.307948105028149
-0.414620040060133,0.61533555404019
0.0974467307378161,0.518228525523998
0.301891863824201,-0.0865906854596286
-1.15990592028849,0.320056567651691
-1.35501810035482,0.080416425477574
-1.1514025202672,0.353934265388228
-1.27114982221356,0.232023037599865
-0.0683079746246866,0.611748567912646
0.168083667836036,0.257697708836692
-0.135766483492384,0.706928541699458
0.173260638849979,0.500601844129213
0.315155684337094,-0.14495161219735
0.00524653342966674,0.465400913995615
0.0843980003954726,0.350248747936103
0.23826195087841,0.345607866518432
-0.0678524139014577,0.636544706410328
-0.610829721627199,0.745309753385342
0.279333362882142,0.120845246285152
0.316651067977032,0.365326212778664
-0.467940964367834,0.696304633745681
-0.266003595968279,0.57806912661466
-1.06227345553208,0.418247047632199
0.0102030999916066,0.501793391242367
-1.3023415707609,0.355888713754349
-1.27898522596217,0.0166231632497486
-1.14447789975484,0.386030022479276
-0.0381458829799091,0.605077160147546
-1.11393299546249,0.545268220709251
0.304423939870625,-0.114787687715827
-0.840443411027471,0.695644289976889
0.260428154267577,0.0796817644236151
0.348450134193118,-0.0639728983282946
0.341608246119035,-0.0525429517311422
0.479358853784476,-0.119145996926065
-1.41208101998936,-0.071464792228802
-0.571250914615048,0.697620067914264
-1.18288737589649,0.456566968613346
-0.728998344049189,0.589900017029337
-1.16628040220523,0.514422902046249
-0.0131889648129239,0.563994887974721
-1.2116351406875,0.167878633219465
-0.483383684610092,0.632407753954598
0.297589318187382,0.100912303907561
-1.17131842344625,0.249255333419844
-0.968620370065659,0.610718235390937
-0.20762507883255,0.550714043834802
-1.07107637455451,0.495595779999719
-0.273399844296804,0.66701640889822
0.342529024393081,-0.0504098655018771
-0.742260465520349,0.685558825455617
0.00656738679512103,0.491857574335133
-0.22417750003785,0.744540533687221
-0.714062880530718,0.572087420163418
-0.000284628113707996,0.563990870408224
0.281771656852354,0.190194798099433
-1.3739626006966,-0.176736994668018
0.258814807009775,0.0664587011844757
-0.0336323121774898,0.613212102255106
0.404443402275448,-0.0916294876346005
-1.42490979659924,0.0300369517717718
-0.1281247164641,0.683168123584237
-1.34881979717819,-0.171084301587558
-0.614316605497363,0.632145870615058
-0.672586280361299,0.65616601506039
0.284178810935133,0.32539318262952
0.143108005632942,0.31687279807382
-0.459117959936397,0.685035127230523
0.119733047613814,0.311052602876433
-1.29824466667263,-0.0395828647833883
0.105892407025447,0.521369346648512
-1.45018312756146,-0.0589881729059971
-1.32068136291169,0.339336013162403
-0.0528855757499148,0.674784007360752
0.423775069439761,-0.13720008144888
-0.104234018832549,0.525354345955146
-0.211390148095748,0.559435628301845
0.414765084123217,0.0760468093250646
-1.44400861150729,-0.108528578571995
0.265129786024224,0.320139655788376
0.322126648792613,0.267634460277779
-0.518567348268095,0.640397787863515
-0.524817367652803,0.758677790510962
0.481931848234013,-0.0397995679618839
-0.141308695613392,0.607989804465559
-0.72354446917131,0.619190822354837
-1.39590255904638,-0.185223881463481
-0.311016895545258,0.714471172727511
-1.06051445605524,0.592240857152874
0.487739955570329,-0.148829571816766
0.232730552307295,0.180740255043598
-1.39293355389028,0.0915625725069201
0.307371277307239,-0.0815302325725029
0.317231654249966,-0.124491850957143
-0.691479430237665,0.603745995054381
-0.0659761960336558,0.591866369953541
0.191907774723289,0.369840415179357
-1.34903586316439,0.0641463084823167
-1.02203402841218,0.605220800342342
-0.144577412663058,0.633142274867357
-0.21457006305506,0.689074700101514
0.217101539333061,0.338310337255981
0.135949703148694,0.38860431732886
-1.2961677721891,0.102675633915626
-1.4644476587996,0.0436174437915272
-1.15995647671376,0.340229763908322
0.194383754294006,0.459979193299341
-0.733503061547429,0.66857439261895
0.196144684685834,0.312005849827562
0.350664691205008,0.158848512073368
-0.945576602798357,0.466085219906882
-1.28084613652793,0.0248922098186981
-1.19784847393999,0.493738664605375
-1.33325234637571,0.318177783327907
0.234547610030348,0.427845401614512
-0.157676532014213,0.721185429305029
-0.263535337509686,0.705464033406367
-1.43603630742463,-0.00856440967863312
0.387590724344274,0.105619792712168
-0.582415089667337,0.635717403884986
-0.830903963284767,0.626712173688165
0.109717575808116,0.538635180249106
0.150815743813654,0.26589147951177
-0.241376257556662,0.673639084300214
-0.129060036636804,0.605326741612909
0.208934937351424,0.195273138720477
-1.33915259672268,0.0916559814354562
-0.320053198629599,0.751044598171662
-0.970950879370544,0.594567214526578
0.248538966447634,0.382235333655803
-0.410642551675899,0.78307472188001
0.354448252077243,-0.064905760966561
-0.487868139029878,0.749120755959397
0.145141151356577,0.530478185105099
-0.984871049837118,0.542334845673108
-1.13540589657236,0.443458948066629
-0.1893123736773,0.677133243152684
-0.664245445580492,0.678581794654679
-1.05770679952086,0.423668865507288
-0.790349305886581,0.59376385670432
-0.722741770103459,0.653815044517898
0.283384314752573,-0.0233316233567422
-0.134321987784242,0.676946044584201
0.307905499041441,-0.11442797902521
-0.242425126960718,0.648085041870758
-0.932583881007173,0.598964929388684
-0.715921019943183,0.696391041561967
-1.38471688108941,-0.133044896937899
-0.351187963299591,0.602533364231021
-1.15644273563944,0.350612858107344
-0.676356461456537,0.59532726753799
0.443917939440664,-0.137338774603086
-0.533509638304794,0.668628899793316
-0.233551830062525,0.691474019622603
0.190943050443049,0.371002360127895
0.156646821204557,0.380603162337401
-0.333973370734193,0.649301360732354
-1.29475896264124,0.00434200222752551
-0.0294139003365756,0.536592762258453
0.0488198660001546,0.482111817803585
-0.12800416200971,0.615524214258908
-0.497943638382598,0.759121708153346
-1.28182362977161,0.318766618461135
0.217783733445443,0.452384144535059
0.400249909009906,-0.136929840113553
0.0679723203487216,0.587566771264122
0.0293328644965638,0.519314567393784
-1.22857243780735,0.243553317360254
0.342186958989954,0.184715595621305
-1.26205226308488,0.302013997746561
-1.32310965102663,0.18389397616027
-0.645467714990684,0.666537108270183
0.382594896305389,-0.14856312561039
-0.520329348452146,0.627174617561272
-1.03387408777545,0.472227711439867
-0.966489959203447,0.451715191904791
-1.43178984414669,0.124082306307434
-1.04462344014628,0.543771389867525
-1.45944414648512,-0.00849777687005934
0.383647316384006,-0.169749198574676
-1.24265438205782,0.272152838833511
0.405514090875702,-0.102138520052092
-0.546649587017514,0.718067453392978
-0.917540662111584,0.598700036324648
-1.15708617988815,0.440263569824129
0.0268779901737901,0.436873760689933
-0.802950685977182,0.702847437749881
-1.37402088952121,0.118453949310467
-0.878501675593775,0.583591604852106
-1.17493405451223,0.33703214315999
-0.47621207218854,0.654519067565301
-0.252140373671706,0.592028925825499
-1.30340211812504,0.125587368316691
-1.08807052350485,0.567138699855069
-1.2240085419991,0.239019566863564
0.313390962097963,-0.172723207722099
0.358741796860172,0.065829682150398
-0.6117620807261,0.616819750531427
-1.29221088353398,0.184349939788231
0.0519110970387755,0.404082353475055
-1.21895969231557,0.411914967773653
-0.864635023783597,0.588212520133633
-1.09324591501575,0.494337739734712
-1.3803788443116,0.102510341959336
-1.19407310625074,0.419752533367316
0.248552737520021,0.368850552933368
0.352272693484988,-0.0833327460081261
0.223836544056589,0.179079464717681
-1.08690137162258,0.517144223516387
0.284545064789649,0.135540779034045
0.252668419470905,0.425810090589728
-0.374965145198121,0.650916455225558
-0.397287452070751,0.737400983969636
0.331844058522944,0.0410674357603002
-0.518454883653632,0.672779559844084
0.392065676939717,0.0186441752268394
0.349821738969075,0.290139562845778
-1.09874113924404,0.407418551632274
-0.00834457830837215,0.659247342958267
0.0448272076556346,0.575490430231138
-1.17469956668382,0.23151924425666
-1.46860503975744,-0.145317631727771
-1.4346557439715,-0.108596678830389
-0.717535124988536,0.686177151747588
0.144437255636364,0.380802777851595
0.0265951665055183,0.488203122782482
-0.923376734762384,0.496946615640943
-0.70471674345858,0.667841542345496
0.254060976712267,0.34678040930938
-1.40651735282007,-0.0802637579902396
-0.0665649936326918,0.566339686919924
0.379842512017469,0.24713329031078
-0.0522544392172255,0.548394457620655
0.427736835594067,0.144237302536812
-1.10780304007057,0.32938767169304
-1.2061907691853,0.338728300687913
-0.753966481848529,0.705189309793601
0.41163904720799,0.0316029034480007
0.241400871972246,0.313798443551674
-1.2021974791117,0.398189307206005
-0.0780746942934571,0.650352728276538
-1.33997216764871,0.265401025360111
0.291743970725478,0.154159323550728
-1.03223543650354,0.541595063940691
0.302547838186682,0.346682094093187
-0.207632279442396,0.670020794826686
-0.06301703809455,0.588679553756765
-1.44219867787481,0.0334376923495635
-1.3186137086223,0.255401221364233
-0.825037361557098,0.554209035027393
-1.32118979973655,0.169258614694931
0.125294650198378,0.305128328067969
0.370117969121934,-0.0200948998096171
-1.02066368674951,0.631939994077861
-0.589071400386208,0.604015161725552
-0.553880072115054,0.787569451459195
0.0804789758059956,0.401720330980025
-1.28221720512558,0.189846293041004
-1.21461616423978,0.243492015031873
0.318007282530542,-0.157373456325554
-0.429637059563708,0.683751517347949
-1.34236250560539,-0.0505794077219454
-0.393679867707382,0.613251223037757
-1.30167794423417,0.208563194561947
-0.594495745394594,0.642524153459529
-0.321186819773549,0.651344299438735
0.408967951575733,-0.130089576650558
-0.512458271341797,0.709528062555453
-1.31851358180092,0.134577409821585
-1.3409145541649,0.0493331214427177
0.0473583554915231,0.484110690255827
0.282815309696639,0.146677953686435
0.335982404375831,-0.199651898721907
-0.0532421018322952,0.494108289301283
-0.575853251324682,0.599547999448599
-1.31698129055879,0.286019938510697
-0.967343317299492,0.57030842752863
-1.40937711503744,0.0548848118502938
-1.18618721270401,0.460204774413723
0.236915813802175,0.231175213604065
-1.33337078513348,-0.105386323276918
-0.127043100483826,0.522215595547492
-0.769500527173374,0.643046250100855
-1.12499541094304,0.502700639370943
-1.41460274091965,0.193002110028636
-0.0450054557252275,0.588451760941186
-0.406309798043298,0.60331629880931
0.293334498028036,0.258763412424933
-0.40981608929161,0.65090940729023
-0.375873205466268,0.699918708943279
0.31797111521496,0.147343169120046
-0.850441171010142,0.545148446837849
-1.3300772251468,0.0798699772651285
-0.284608833314771,0.728305952927024
0.337350637079544,0.316195483054535
0.0637579415296018,0.550355889182198
0.477246852664216,-0.0175916560820213
0.310531743974098,-0.0449265165630167
0.426025306304912,-0.122259329140205
-0.638523222889796,0.666365637574726
-0.679561934763702,0.694626759097555
-0.0163129170853085,0.486361938502755
-1.13013814987354,0.412527101948192
-0.944459455815041,0.545629872911343
-1.35577944274674,-0.0363006176890818
-0.459224894480088,0.673656972628287
-0.546745641843682,0.621744336884122
-1.2099472977498,0.353543499558322
-0.713604574751848,0.739403561042029
-1.14525708594595,0.381623085318698
-1.37155791934669,0.023293326727807
0.150289356858271,0.305419244998888
-0.80487379952396,0.662824477794233
-0.402945072021504,0.697862481182531
-0.812243201199298,0.613167622167121
0.281315538355645,0.379338021053452
-0.959985086829241,0.537042987987482
0.390057725926998,-0.151534440684542
0.14174538770197,0.35373166996862
-1.4199884677337,0.0533398996536606
-1.13831723227698,0.368357774015371
-0.594539799083969,0.700048882718931
0.385392426456032,-0.00681662055630711
0.289277760007461,0.371870225421398
0.486818881856867,-0.162725434345888
-1.30528240482269,-0.115119037478075
-1.36058415580516,0.300949875528418
-0.341599899938945,0.712823709517651
-1.31416368061371,-0.175682353783847
-1.17248744196413,0.30728601464279
-0.468808113333126,0.671419376776062
0.311869154181169,0.153112960262859
0.247806741316073,0.388543094331701
-1.34797895133455,0.297509720612568
-0.0131893278176247,0.587651651164907
-1.17570836987395,0.525161777928663
0.333571488053117,0.257825980423073
-1.10176512712028,0.476244057733175
0.456254075112077,-0.0371466564006751
-1.10079480419708,0.552869017826176
0.266721278311714,0.108412986966143
-1.45094894790014,-0.152293786037074
-0.766252286930193,0.684230256374083
0.0825894328915994,0.458909398230366
-0.294733858470509,0.746246473208525
-1.28849534186978,-0.0250824819180532
-0.520292517134276,0.618989825299937
0.469623698210348,-0.00206437035645918
-0.921406668319808,0.571631097885689
-0.355871263722028,0.69492060894064
0.377761476096468,0.237450766932162
-1.16044151444312,0.363252378401293
-0.591462629218998,0.728284164965109
0.409656161155766,0.0577661227493976
-1.30364182453158,0.0598337404617892
-1.33404207380526,0.166688255304842
0.377145333623905,-0.0432199327514692
-0.892738469198846,0.634229020843474
-1.35435709466655,0.109818936543393
-0.0839931026296766,0.60222192788552
-0.92872800128144,0.542294087607863
-0.360871678912482,0.765833970798762
-0.335997003519,0.773591959385701
0.459866293995992,-0.148593734543609
-1.40110813676329,0.219137598377462
-1.38763878808659,-0.0243712804360774
-0.445188812407728,0.620745617601312
-0.702402925402779,0.707755621983997
-1.33796251690616,-0.181030865843964
-0.211849940379358,0.727665118163814
0.262020786791212,0.42975882712034
-1.24955858796807,0.13420499929831
-0.980807888281996,0.512179246849185
0.323881870173291,0.292389854761678
0.387986013351372,-0.1748198454116
0.274703063358428,0.255131633076375
0.142352706528768,0.286685754614358
-1.37119738377954,0.0781686892710611
-1.05854431231619,0.524102659624218
0.368042179357851,0.181900846101101
-0.310176911958307,0.592915955118517
-0.965055497189567,0.636900170557453
-0.0559167359668865,0.51148159886461
-0.773077759663088,0.664060629586436
0.276936370086051,0.405187608097038
0.325445764070752,0.359526275909548
0.289466957877829,0.40570925226165
-1.03480506289454,0.474703594614817
0.166547156780468,0.477936584141486
0.056312752287791,0.431072940195364
-0.444308433028515,0.770679837496989
0.216527678558003,0.395322245343614
-0.138278714490726,0.536397578886059
-0.884142768866082,0.631661376913877
-1.20140122966503,0.502484840747004
-0.476931991723289,0.768699905259423
-0.842684639683418,0.686706403130833
0.00536776451964904,0.593316156433336
-0.00618942445569792,0.491016361699711
0.229144066609205,0.148129317317574
-1.2878280402558,0.219219680575574
0.00847783037340266,0.447735270261991
-1.29841827092132,0.0351414408029785
0.328631629430855,0.107797482220082
-0.82674390755145,0.67415314370239
0.124554435181102,0.574094530979212
0.478135543630853,-0.655650781505977
0.389591349260684,-0.699528108502641
1.47293308410301,0.0391571661126272
0.66364701985839,-0.617106282683528
1.2404668873311,-0.407606212162313
-0.293736915071533,-0.00821790359904431
-0.0526826743398876,-0.605315271657582
1.34512716411292,-0.122157411275708
0.924642408113636,-0.6996422452631
1.04437282577653,-0.580050838667091
1.04976092467938,-0.568029719267313
0.346428146459263,-0.585651536430501
-0.17437256428717,-0.302701817662594
0.580323930909938,-0.648279370888538
-0.146594091588595,-0.297752243606914
0.739071504442757,-0.716394001216375
-0.159226861557107,-0.504086874146261
0.875969979903402,-0.583101693901435
-0.316970616572517,0.0701364302237304
-0.160160182538524,-0.459552499168927
1.46426154141927,0.140618658543394
-0.171591479756753,-0.450133959961371
-0.296313503333166,-0.026472226430036
0.903085430268798,-0.577487704782655
1.41230700249364,-0.00779587478028176
-0.311195644635692,-0.197120641275557
1.45219087295973,-0.0908160139172535
0.367620746596761,-0.643216874480735
-0.439305380811562,-0.0553000478494928
0.439557931427219,-0.6726603132494
1.31632558861291,0.0655345505184787
0.650713009907608,-0.602508815543811
-0.0356477056743234,-0.581882045323258
1.09581313404329,-0.440004519324225
-0.329674202334992,-0.0814207530077695
0.608612240212395,-0.653552192541248
1.1406584185804,-0.372079303418447
1.19557887778584,-0.29194561619075
-0.295006904571362,-0.206039887464568
-0.186550083613293,-0.523737379854877
0.0721561786253036,-0.565575132180602
1.43322312318926,-0.126369697002274
-0.225434320906004,-0.210245055495485
0.639047048446375,-0.775137178879383
0.0666393463041903,-0.646373142307093
-0.427861144395144,-0.0872908287252506
1.36536607026081,-0.113719668506808
0.23677012721884,-0.578157132173779
1.38991452159323,0.15415825428585
1.39296056089949,-0.0631152819530051
-0.276134128894305,-0.0369785117160382
0.380132546076978,-0.595269764594431
0.124471938842443,-0.571410807598376
1.22766360178521,-0.465796531358315
0.166143550633567,-0.638805520723458
1.44519686608283,-0.0394666485196623
0.112926114204209,-0.585419645983449
1.33085488136851,-0.3138270890952
0.168978052183503,-0.644388199940591
-0.474271111946955,0.108905206269666
0.084095617226919,-0.507340267339264
0.92468810529372,-0.527525406519329
0.624043607293524,-0.732103558990256
1.36959212784792,0.131700852612835
0.441962446805964,-0.598171879388522
-0.376356247173699,0.17023235319927
-0.0577568402494021,-0.459888398515286
0.77953209134242,-0.633019301060567
0.26485302338242,-0.602508798128462
0.308152159982887,-0.619724649787739
0.477851666522085,-0.718477921053607
1.32449636540937,-0.205673005220563
1.00949972644329,-0.460901171676734
0.496453961883857,-0.78659394072535
1.23199323060126,-0.149716584557228
0.743602188075833,-0.604262024776044
0.240018527111318,-0.663355721014941
-0.286207150339241,-0.336547630638559
0.57648206649408,-0.625675730187526
-0.0129734730643257,-0.642304842522505
-0.139302731738752,-0.411094923006037
1.18212046302328,-0.239225402479063
0.156847912645164,-0.669581873456466
-0.141936685913692,-0.366204735648943
0.734590479793859,-0.72678832126634
0.689085222650464,-0.774391346430827
0.533043441647203,-0.737066548810796
1.19889029573421,-0.366555006804125
-0.209430550640035,-0.210841792129882
0.495840699909526,-0.657540162660585
1.3607615471653,-0.0878681687401554
0.831613661230135,-0.53052250542396
-0.224379016435875,-0.257148742842101
1.35040249173385,-0.145517275024966
0.122684477824509,-0.544226050765095
-0.0644469314967777,-0.413993819075689
-0.0747752092248183,-0.537808061673529
1.36433330314687,-0.0969438862649912
-0.402646950623962,0.0819463825864238
0.735890222633211,-0.765077509980298
0.326219989384944,-0.709226088522816
1.323594278519,-0.0641243547293834
0.547934140255449,-0.702931688047774
1.36185178271899,-0.251570436496635
1.06538576713468,-0.623397605505412
1.38699891535399,-0.186874215074284
0.910427100676358,-0.566514235682974
0.0344091849266434,-0.627949854259338
0.449736347678862,-0.7866030258133
-0.249523920325696,-0.356644783485552
0.28641105876617,-0.670417644555236
1.33838378012354,0.0212252978417062
1.15294401555914,-0.446747545534403
-0.331833886707327,-0.0454169145481314
-0.432749198739222,-0.137438298803018
-0.387959466697041,0.17155346336888
1.02209673213609,-0.643961644392162
-0.434546455651124,0.163047695304723
0.17044617608579,-0.681635424293068
0.0440833207451941,-0.680504786451711
0.190728015095836,-0.738320950305462
-0.278162118515407,-0.373648144375575
0.217395741607163,-0.581521625105632
0.863418874363398,-0.695125533949813
1.26177851398681,-0.265655933661835
1.34455275839662,0.0391288521369657
1.30300136095729,-0.216653879046787
0.8460586600061,-0.702235839626842
1.40705966776862,0.162695043756463
-0.346930434787126,0.107503851226119
0.970782518884175,-0.532577534848292
-0.329216217289973,0.0835890306486892
1.36653266351645,0.120944931972254
0.765991821776831,-0.594605566865451
1.12158940382968,-0.54093379397031
0.868711036855762,-0.595539662970859
-0.118601829067125,-0.310269828645443
0.646398011630645,-0.649279326930721
1.45171168516697,0.0267665718766101
1.34655251063142,0.0713817828092512
0.40757027658155,-0.751791206596875
-0.173707412467006,-0.406220403839269
0.207244661083387,-0.577492471789816
-0.384737358970868,0.00932582272043614
-0.162755335038758,-0.342771673036435
-0.176973328660631,-0.456434011452739
0.991651573643886,-0.609231985391226
0.438593875802586,-0.68780608994653
0.130661674845975,-0.550453241798604
0.470803653583597,-0.626592619186746
0.0833836592908214,-0.546119236553993
1.19292067318845,-0.415977734724438
-0.459796723017527,0.147388758107874
1.39977177914636,-0.0489455631960291
0.732248210206979,-0.625260340477689
-0.327603105661459,0.1617118356174
0.539311932795759,-0.648264600510055
0.176947942691204,-0.681018315181003
1.31384347830314,0.171300050033402
-0.172184497646068,-0.398068547829754
-0.186183404062642,-0.523573969550592
1.26104401214189,-0.418978210743589
0.790076562346487,-0.667845958101101
1.14696261186815,-0.500162021082485
1.42052914465952,-0.0321597342940945
1.22333777592514,-0.398855527462515
0.544110360588835,-0.734422892813872
0.458858084987755,-0.655491247306576
-0.301646222202659,-0.24396385208496
0.748927900396177,-0.689603366667016
0.791270740954919,-0.717735035039148
-0.294341064301627,0.0810531364476103
0.917381671974149,-0.532272664156677
1.41079654961158,-0.206942842025452
-0.0550791281988716,-0.587500279432246
-0.399284566155357,-0.0225634922243664
0.536691619992836,-0.735710379059979
0.482803507008677,-0.761489594988995
1.35584204856239,0.187561809109718
1.27417491390203,-0.320702154313183
-0.120347266213241,-0.314380580305692
0.189911337048563,-0.654342238544848
-0.2199813821855,-0.349626845046074
-0.350961717347515,-0.27515614158314
0.0350077246598471,-0.496580731949236
1.45419116452252,-0.0495823662625069
-0.316325625985934,-0.369364339699093
1.28974432737815,-0.155917362761795
0.298516660751106,-0.702525316696508
0.289489077368958,-0.680599966735539
1.39067539090897,0.154903784478739
-0.353505908032642,0.0227672787042466
0.194149404075389,-0.611104872848568
0.0874480908610576,-0.504769650463254
0.713629569195837,-0.651696864973662
-0.00430897005830833,-0.481581944009296
0.582483929578556,-0.69345501050876
0.765394797978495,-0.701776467250766
-0.326926801794653,0.170465337056129
0.544711995662244,-0.764257391111396
1.41985692595692,-0.155077774107685
-0.371344789385619,-0.216441821070513
0.927241152115765,-0.588705933350441
1.00828426900968,-0.581143447523239
0.834530019434434,-0.626117479667627
-0.310882268108519,-0.151258059320994
0.420451661242084,-0.602928337390287
1.48229405657954,0.122208893837116
1.07476732127815,-0.368857994035426
-0.0785668489432633,-0.483128803226217
0.684935292184552,-0.657432367836391
1.11773642733383,-0.463859251256527
1.32781926901442,-0.360341592755265
1.26621227185982,-0.411791534045065
0.512878096436253,-0.602847820632337
1.45096923041449,0.101053336690751
0.849465210810805,-0.626188189575026
0.88212718487137,-0.590531465424126
1.12714526596627,-0.532923421484571
1.15746922477251,-0.51981391652734
-0.194590203118874,-0.518948515826362
1.26834378741708,-0.137328527636809
-0.293487215364443,-0.364837967578682
0.996686995242736,-0.503904390198482
0.918096031323027,-0.576888660294304
0.0376901728212522,-0.645076884086508
1.36711357636619,0.0933227895956875
-0.167956577448507,-0.38093831885615
0.0398992008745986,-0.476630958658556
-0.409221645138434,-0.0115125785634787
1.42835761958733,0.0167973614416775
0.0221936664125871,-0.515250073276109
-0.0648996393280624,-0.458496157173797
-0.338925436649616,-0.239040362614765
0.332274939130465,-0.782883214061288
-0.326898383148111,-0.246516545693444
1.30834554174278,0.0747834897233207
-0.149501923136262,-0.414529912266017
0.0131253141176305,-0.58893384030807
-0.335538207163528,-0.147848262684722
0.919508226228835,-0.514171226933991
0.450330727019244,-0.653659339978639
0.643809218989712,-0.786998812516523
1.31051142213435,-0.312593001789889
-0.375437839930388,-0.25510473729925
1.36044075283071,0.0736059050230188
0.437653159012169,-0.639514775492837
1.19687562251332,-0.424977776136103
-0.33117555757392,-0.0606450635228282
0.38526807081713,-0.680228851981154
1.43495046693231,-0.0995192029985429
-0.370904756669549,-0.21960526767197
1.37037222708132,0.0824318966968122
1.3540830768783,-0.208612802404773
1.16548171870378,-0.341779127995992
-0.157045893820346,-0.352438387880305
0.871735183622872,-0.574797575648528
1.30242237793277,0.136026660535078
-0.352483840806739,-0.29058946702242
0.890503629114067,-0.65197537994913
-0.166795193664546,-0.322061804666243
-0.335952038606889,-0.132011174420865
-0.00447857337966873,-0.61454787019893
0.375898999660395,-0.667211884835765
-0.301507238486403,-0.0635222704308814
1.39876764536319,-0.0904469185271712
1.41587434051513,-0.0690193619401333
1.43323142481775,0.099227032574892
0.9847967630014,-0.586529024854735
1.32575264394794,-0.274672288185565
-0.40227962090019,0.194553528624301
0.727209332864075,-0.63553933896787
-0.073526504457449,-0.35811962932311
-0.0228002613283428,-0.552311028331867
-0.126983468326499,-0.350509804991303
-0.307310207620405,-0.0283420511731069
0.965098161375553,-0.487524868765808
1.22106361820011,-0.340388318264892
1.2825098174142,0.017642401215446
0.258076072260706,-0.660895368453629
0.392309859241707,-0.602017803494961
0.111427741140101,-0.598974606127696
0.247645831185352,-0.593553010155057
0.642990815261816,-0.703170829269338
1.34071880747644,-0.270999273943965
-0.104192237464765,-0.350047728971441
-0.345402429714149,0.155606447572842
1.26477586155991,-0.169153298744276
-0.245962337699471,-0.248456738827853
-0.321042600018121,-0.121698538628128
1.30277704324429,0.0193653545418885
0.561244451965127,-0.679312685399664
-0.137507229621505,-0.484220470114118
-0.108830881403096,-0.474453570602958
-0.230210325467705,-0.275579667439791
0.402118779942532,-0.727166186952372
0.322253754567746,-0.718703795683656
0.883150451226936,-0.532111544510973
0.359016566135243,-0.676659890256663
1.48526992593404,0.134584565362251
-0.118915892183927,-0.472622452667453
-0.293786883651747,-0.256172820915485
-0.329687018519073,-0.268697003603639
1.34479649746969,0.111779725458252
-0.403262365510587,-0.0557503653722373
1.3210593409928,-0.0523795867832372
-0.315685340357939,-0.2126857875296
0.435403561954445,-0.724707351717256
1.37861556918314,0.15478460228323
1.28075634235306,-0.13546987667432
0.215177343281805,-0.74508004032684
-0.0710081001539244,-0.48239202420762
1.40023224812909,0.0948118132574428
1.28858530689851,-0.287239519226137
1.19557500312172,-0.42275944260759
-0.0551199262234544,-0.492845863879781
-0.127056224710699,-0.350775907700956
0.239819793395483,-0.70210642185305
-0.407547787371842,-0.182822335655315
0.625906264735822,-0.665006049360875
-0.426575365182279,0.153178910272317
1.16952953935175,-0.512803380128311
-0.0055152273900746,-0.540489860557173
0.222885008469626,-0.683524657971476
1.07067126445839,-0.486869388445397
1.02542722817444,-0.431932189235987
0.0510261935488434,-0.489297885232008
-0.18136462536801,-0.259057094522141
1.36376305155338,-0.0109368172489606
0.894076148947885,-0.705754713298376
-0.260296034905044,-0.329942656074575
-0.477498121017586,0.0713026081816784
-0.312417858929092,0.184007460454963
0.699580818437097,-0.637947736116417
0.706371360512781,-0.768203286478139
0.889829285818145,-0.500966494235716
0.618311502280131,-0.625126596779582
-0.213347641081024,-0.428999034317511
-0.195737341865958,-0.47125468542883
-0.420909114904683,0.17799053695943
1.22585225472275,-0.338146379643784
0.877113209378336,-0.713815779445426
-0.0780484843412808,-0.551679102515756
1.31889016473087,-0.261979002400889
0.998457387347277,-0.607486374836556
-0.304505253062519,-0.350398405393401
1.26705387113773,-0.430339662735101
1.01153689181647,-0.655049619120825
0.61716455082334,-0.77672433357309
0.883333659918164,-0.566148462883434
1.29015819066143,0.014129894583298
0.484270269261587,-0.764070595150748
1.04447236219955,-0.434260270971674
0.329816524214627,-0.588837371886788
1.45070341733354,0.117626723467351
0.182433529764124,-0.650768261395377
0.705906935007976,-0.641481948519635
0.0964088953872643,-0.621898358687598
1.05547987768333,-0.596298811896971
1.06725885931247,-0.535039620281483
0.69144586697709,-0.663041765794238
0.356998909140292,-0.697866163060021
1.27531647058277,-0.113925057920711
1.27712204322025,-0.137523485166891
1.13301840720676,-0.353812116581254
1.3043231834971,-0.080822569882194
1.44660109310777,-0.0848349954502903
1.27012217727308,-0.318342403662869
-0.0264318969465804,-0.609730558859019
0.385933596207304,-0.67030925492638
0.443975585041918,-0.631797861055066
-0.432230066352191,0.0276754483415762
0.0919878756753889,-0.685037672855287
-0.0522159468410883,-0.473707251367937
0.696531015637092,-0.612329934456269
1.21023749663232,-0.50294569716908
-0.471837324127575,0.00188371787927216
-0.17570609622317,-0.284059356286223
-0.222062118315239,-0.471120383382086
1.36831428483251,0.0293993783007758
-0.308558251660982,-0.0441537916072594
0.11144950900129,-0.530355454846151
-0.340669172630493,0.0612945338340786
0.371251973883006,-0.69972805361324
0.968789049298125,-0.468441352321289
1.38429708449577,-0.052447336952995
0.696638511070344,-0.581477412579672
0.860177350619255,-0.614936075756159
-0.275157479882295,-0.187237233904967
-0.487473858817219,0.150085866018082
1.34833276747186,0.0550899362764687
0.884286178533526,-0.597929172271743
-0.43220274785855,0.197267730636055
0.731164114992627,-0.645174797724148
0.802958823670422,-0.569761160555218
1.27550156373751,-0.0643696506518703
0.260787104365188,-0.627135938624569
1.36462768662176,-0.228033996575494
0.84991778805712,-0.656747515344887
-0.324426411373156,0.0329194538717405
-0.086391022626063,-0.60513070767517
1.14137170411356,-0.413511173181845
-0.166662848158691,-0.500517932599899
0.970354146039902,-0.576487825319332
0.819808405506966,-0.538774970405891
0.518139885750081,-0.601159520131321
1.27331046545759,-0.364141634091179
1.05052305983879,-0.49863902637915
1.02018086941679,-0.482013650516784
0.712640316098178,-0.749107468907336
0.563982602601884,-0.729045089601763
-0.337413221961643,0.0181124611210264
-0.308655344604117,-0.257117435984747
1.02268726772945,-0.473738078784741
-0.327723850687171,0.0903446178557681
-0.0633540727803193,-0.467851512186889
-0.326880595782582,-0.173951945319104
0.428097501832206,-0.782654328773707
1.43680234780438,0.043260505093545
-0.323010885825449,0.0960698865056978
0.0877026658258649,-0.486247273383557
1.30800691928423,0.0314337948657913
-0.481272597517534,0.135589498678028
1.06141100360922,-0.546971575712212
-0.3125915546589,0.0710595932511338
1.3484205256711,-0.314137027299219
1.32387329726318,0.197658643735314
-0.333773722760169,-0.13480342062888
-0.277858392287178,-0.194687857870398
0.939498348522498,-0.578509715460231
1.27333113362899,-0.046792800202342
0.160771323909125,-0.596796058354631
0.762499751956306,-0.611504329253631
-0.327583531610047,0.00968927673448849
-0.42073807549382,-0.162520965778687
0.205278312342824,-0.550708108645858
-0.427264652012357,-0.120924955268109
1.19194765763223,-0.333441024613297
1.14197180442878,-0.476345704174087
1.49064174237694,0.187161874975147
1.28598745917806,-0.0295631218853824
0.222159246250223,-0.694925591677523
1.02025378510575,-0.512826233684761
-0.126053002923918,-0.333225934794602
0.111401625653715,-0.609971970386268
1.25408302319647,-0.277050082334116
1.11383022862235,-0.55805032476779
1.34843834621416,-0.18583097377623
0.330458483401784,-0.638626854147495
1.337408322934,-0.207818504214037
-0.335690266645024,-0.205976576420839
1.47497886429764,0.106575000944045
-0.370489335839573,-0.242421437484921
1.14530246198275,-0.379079900353809
-0.13570630809602,-0.41628835201324
1.44571616993972,0.030685946936159
-0.0977108135411597,-0.582442359072344
1.31500105687062,-0.332140314907262
-0.399800681478437,0.184741015185452
0.451918307108533,-0.715635048667809
0.382231140662153,-0.777885349468984
1.04804151430716,-0.427623851343561
0.826511279539658,-0.611659687949863
0.467500441199773,-0.651261446148794
0.453221769292477,-0.76496302135799
0.579321930420935,-0.61016144181474
1.25773115858124,-0.198663141855206
1.21075342825118,-0.369883236401275
0.0931367507342239,-0.629371146193856
0.211334293570854,-0.633379263074304
1.21572035576262,-0.261641511668413
-0.308132219714901,-0.156690595742749
0.423779414879613,-0.673090403259375
-0.316647068517342,0.134534752369341
1.01562827650774,-0.44562206632217
-0.410208352265483,0.0531421162820914
0.191154646837943,-0.678532953611818
-0.239155330787938,-0.425346960983139
1.38212519658386,0.0217036876587933
0.256660700078868,-0.626355975140699
-0.292939697249269,-0.058309665160553
0.475104105690241,-0.609370275437018
0.412972945647272,-0.640670868293481
-0.204286492474704,-0.316524921738993
0.0722702717999348,-0.607252193223606
0.605831779339954,-0.707794905526768
0.328828709487593,-0.740302384483882
-0.134796739589029,-0.463208714175755
0.463022364237852,-0.621300687238109
1.3621162673835,-0.143789488629769
1.04223720766286,-0.407645016732123
-0.348953058037199,-0.00421333478071417
0.262335609953333,-0.623865486913467
0.383443693898295,-0.741097252188658
-0.297651042802638,0.0407257572893331
1.16076318801645,-0.48455615289907
-0.315863954981456,-0.0317582539541212
0.348978259769251,-0.632596153965614
-0.0468576887509692,-0.387187107666797
0.047710351161758,-0.491757135761127
